<?xml version="1.0" encoding="UTF-8"?>
<project-private xmlns="http://www.netbeans.org/ns/project-private/1">
    <editor-bookmarks xmlns="http://www.netbeans.org/ns/editor-bookmarks/2" lastBookmarkId="0"/>
    <open-files xmlns="http://www.netbeans.org/ns/projectui-open-files/2">
        <group>
            <file>file:/C:/Users/helld/OneDrive/เดสก์ท็อป/Coding/OOP/oLab_06/src/olab_06/Employee.java</file>
            <file>file:/C:/Users/helld/OneDrive/เดสก์ท็อป/Coding/OOP/oLab_06/src/olab_06/Seller.java</file>
            <file>file:/C:/Users/helld/OneDrive/เดสก์ท็อป/Coding/OOP/oLab_06/src/olab_06/Food.java</file>
        </group>
    </open-files>
</project-private>
